,SNP,GENE,effect_allele.exposure,other_allele.exposure,effect_allele.outcome,other_allele.outcome,beta.exposure,beta.outcome,se.outcome,se.exposure,pval.outcome,pval.exposure,fstatistic.exposure
1,rs10119,"	TOMM40",A,G,A,G,0.2063,0.0145805,0.0542664,0.019,0.788172,8.00E-28,117.8938781
2,rs10172650,"	RP11-116D2.1",A,G,A,G,-0.0945,0.0320664,0.0517135,0.012,0.535206,5.40E-15,62.015625
3,rs12117661,"	BSND",C,G,C,G,0.0764,0.02134,0.0571794,0.0141,0.708991,3.33E-08,29.35948896
4,rs12916,"	HMGCR",T,C,T,C,-0.0793,0.0533797,0.0330045,0.0082,0.105804,3.09E-22,93.52305175
5,rs174533,"	MYRF",A,G,A,G,-0.0602,-0.0669291,0.033942,0.0104,0.048625,2.65E-09,33.50628698
6,rs1799955,"	BRCA2",A,G,A,G,0.0517,0.0339839,0.0330945,0.0087,0.30448,3.52E-09,35.31364777
7,rs2738464,"	LDLR",C,G,C,G,0.0957,-0.0567967,0.0355942,0.012,0.110562,1.47E-15,63.600625
8,rs2980869,"	RP11-136O12.2",T,C,T,C,-0.0503,-0.026631,0.0330093,0.0084,0.419798,1.55E-09,35.85728458
9,rs445925,"	APOC1",A,G,A,G,-0.5219,0.0149331,0.0660734,0.0214,0.821195,1.79E-129,594.7672504
10,rs505151,"	PCSK9",A,G,A,G,-0.104,-0.0374445,0.078535,0.0184,0.633514,2.40E-08,31.94706994
11,rs579459,"	ABO",T,C,T,C,-0.0568,0.0615136,0.0368432,0.0096,0.094997,1.73E-09,35.00694444
12,rs599839,"	CELSR2",A,G,A,G,0.1877,-0.130089,0.0618373,0.0162,0.0354022,9.84E-31,134.2451227
13,rs8051431,NA,C,G,C,G,0.0753,0.00653413,0.0360607,0.0093,0.856212,1.81E-15,65.55775234
