"","egger_intercept","pval"
"1",0.00387342812985888,0.861702048794134
