,b,se,t value,p
HDL-C,-0.044380768,0.097705649,-0.454229296,0.650404216
LDL-C,-0.069980623,0.146796195,-0.476719597,0.63434412
TG,0.104877078,0.124978188,0.839163053,0.402883604
TC,-0.086702255,0.181157148,-0.478602453,0.633007319
