,SNP,GENE,effect_allele.exposure,other_allele.exposure,effect_allele.outcome,other_allele.outcome,beta.exposure,beta.outcome,se.outcome,se.exposure,pval.outcome,pval.exposure,fstatistic.exposure
1,rs1011685,"	LPL",T,C,T,C,0.1664,-0.0327141,0.0498515,0.0131,0.511675,4.03E-35,161.3481732
2,rs1109166,"	LCAT",T,C,T,C,-0.0749,0.0148603,0.0462302,0.0118,0.747875,2.93E-10,40.29021833
3,rs16940212,"	ALDH1A2",T,G,T,G,0.0992,0.0457983,0.035843,0.0084,0.201339,1.30E-32,139.4648526
4,rs1800588,"	LIPC",T,C,T,C,0.137,0.0632302,0.0329924,0.0099,0.0553006,1.35E-43,191.5008673
5,rs1883023,"	ABCA1",T,C,T,C,-0.061,-0.00498901,0.0336642,0.008,0.882185,3.21E-14,58.140625
6,rs1883025,"	ABCA1",T,C,T,C,-0.0983,0.0521867,0.0365864,0.0091,0.153754,1.13E-27,116.6874774
7,rs2144300,"	GALNT2",T,C,T,C,0.0564,-0.0232275,0.0423329,0.0104,0.583219,4.66E-08,29.40976331
8,rs3760782,"	DOCK6",T,C,T,C,-0.0676,0.0108626,0.0385001,0.0107,0.777832,8.75E-11,39.91405363
9,rs3764261,"	CETP",A,C,A,C,0.262,-0.00910501,0.0408028,0.0141,0.823421,7.57E-76,345.2743826
10,rs3786247,"	LIPG",T,G,T,G,-0.0957,0.0268271,0.0330977,0.0102,0.417628,4.46E-20,88.02854671
11,rs4420638,"	APOC1",A,G,A,G,0.1129,0.0313441,0.0608484,0.0132,0.606471,7.24E-18,73.15432736
12,rs445925,"	APOC1",A,G,A,G,0.1197,0.0149331,0.0660734,0.0207,0.821195,7.08E-09,33.43856333
13,rs4821116,"	UBE2L3",T,C,T,C,-0.0444,0.0304487,0.0344946,0.008,0.377393,2.03E-08,30.8025
14,rs6124760,"	ZNF335",C,G,C,G,0.1043,0.0579251,0.0691219,0.0168,0.402023,5.85E-10,38.54340278
15,rs651821,"	APOA5",T,C,T,C,0.1888,0.0177171,0.0356017,0.0102,0.618733,5.86E-75,342.6128412
16,rs948937,"	SMUG1P1",A,T,A,T,-0.0525,-0.0518267,0.0397037,0.0086,0.191778,1.47E-09,37.26676582
