"","egger_intercept","pval"
"1",-0.00466292078731697,0.829412568160617
