"","method","Q_pval","Q"
"1","Inverse variance weighted (multiplicative random effects)",0.0783180035362346,23.2827642995769
"2","MR Egger",0.0578913470776435,23.1487864802915
"3","Inverse variance weighted (fixed effects)",0.0783180035362346,23.2827642995769
