,SNP,GENE,effect_allele.exposure,other_allele.exposure,effect_allele.outcome,other_allele.outcome,beta.exposure,beta.outcome,se.outcome,se.exposure,pval.outcome,pval.exposure,fstatistic.exposure
1,rs10172650,"	RP11-116D2.1",A,G,A,G,-0.0973,0.0320664,0.0517135,0.012,0.535206,5.85E-16,65.74506944
2,rs10402592,"	SPC24",T,C,T,C,-0.1005,0.0252533,0.0429976,0.0159,0.556988,3.67E-10,39.95194019
3,rs12916,"	HMGCR",T,C,T,C,-0.0794,0.0533797,0.0330045,0.0081,0.105804,2.00E-22,96.08840116
4,rs17122278,"	ARCN1",A,G,A,G,-0.0469,-0.0104914,0.0332921,0.0088,0.752662,4.49E-08,28.40405475
5,rs174533,"	MYRF",A,G,A,G,-0.0549,-0.0669291,0.033942,0.0103,0.048625,6.41E-09,28.40993496
6,rs1800774,"	CETP",T,C,T,C,-0.0688,-0.0128959,0.0668859,0.0125,0.847112,3.67E-08,30.294016
7,rs1865063,"	DOCK6",T,C,T,C,-0.0775,0.0118223,0.0384113,0.0095,0.758249,1.55E-15,66.55124654
8,rs1883025,"	ABCA1",T,C,T,C,-0.0735,0.0521867,0.0365864,0.0096,0.153754,1.44E-14,58.61816406
9,rs2070895,"	LIPC",A,G,A,G,0.0757,0.0637076,0.0330421,0.0108,0.0538456,8.54E-13,49.12971536
10,rs2980869,"	RP11-136O12.2",T,C,T,C,-0.0705,-0.026631,0.0330093,0.0084,0.419798,2.90E-17,70.44005102
11,rs579459,"	ABO",T,C,T,C,-0.0588,0.0615136,0.0368432,0.0096,0.094997,3.77E-10,37.515625
12,rs599839,"	CELSR2",A,G,A,G,0.1684,-0.130089,0.0618373,0.0161,0.0354022,4.03E-25,109.4038039
13,rs7192750,"	PKD1L3",T,C,T,C,-0.0683,-0.00638763,0.0360657,0.0092,0.859421,3.09E-13,55.11448488
14,rs7254892,"	NECTIN2",A,G,A,G,-0.3981,-0.074236,0.0866699,0.0264,0.391701,4.95E-51,227.3926911
15,rs7776054,"	HBS1L",A,G,A,G,0.0598,0.0357903,0.034677,0.0093,0.302024,2.09E-10,41.34628281
17,rs9958734,"	LIPG",T,C,T,C,-0.0919,0.0258724,0.0331758,0.0111,0.435474,2.60E-16,68.54646538
