"","egger_intercept","pval"
"1",0.00753349731487282,0.780076930707242
