"","egger_intercept","pval"
"1",-0.00557381636279682,0.595572551235423
