"","egger_intercept","pval"
"1",-0.0117544541239094,0.405881915068648
