"","method","Q_pval","Q"
"1","Inverse variance weighted (multiplicative random effects)",0.00313746558152173,21.4666926476912
"2","MR Egger",0.00489432237291072,18.6004998929083
"3","Inverse variance weighted (fixed effects)",0.00313746558152173,21.4666926476912
