,SNP,GENE,effect_allele.exposure,other_allele.exposure,effect_allele.outcome,other_allele.outcome,beta.exposure,beta.outcome,se.outcome,se.exposure,pval.outcome,pval.exposure,fstatistic.exposure
1,rs1077834,"	LIPC",T,C,T,C,-0.0843,-0.0650166,0.0332244,0.0116,0.0503593,2.45E-13,52.81279727
2,rs13233571,"	BCL7B",T,C,T,C,-0.1189,-0.18512,0.0555019,0.0141,0.000851844,2.44E-17,71.10914944
3,rs157582,"	TOMM40",T,C,T,C,0.1073,-0.0214507,0.0384095,0.0168,0.576521,1.08E-10,40.79255244
4,rs17482753,"	LPL",T,G,T,G,-0.154,-0.033561,0.0498435,0.0144,0.50074,8.97E-26,114.371142
6,rs662799,"	ZPR1",A,G,A,G,-0.2825,0.0177066,0.035674,0.0116,0.619651,1.13E-127,593.0904429
7,rs7165077,"	ALDH1A2",T,C,T,C,-0.0601,-0.00242832,0.0347097,0.0109,0.944225,4.06E-08,30.40156552
8,rs780094,"	GCKR",T,C,T,C,0.1047,0.0751315,0.033275,0.0087,0.0239519,4.35E-33,144.8287753
9,rs995000,"	DOCK7",T,C,T,C,-0.0801,0.068243,0.0471498,0.0109,0.147794,2.42E-13,54.00227254
