"","egger_intercept","pval"
"1",0.0469508464080162,0.373414364132422
