"","method","Q_pval","Q"
"1","Inverse variance weighted (multiplicative random effects)",0.0282528149435229,61.1540741740706
"2","MR Egger",0.0226865058942469,61.0445162144887
"3","Inverse variance weighted (fixed effects)",0.0282528149435229,61.1540741740706
