"","egger_intercept","pval"
"1",-0.00517330817090065,0.78754990296452
