,b,se,t value,P
HDL-C,0.009586389,0.103418716,0.092694917,0.926597405
LDL-C,-0.085985365,0.113933987,-0.754694603,0.454745571
TG,0.126010896,0.116092399,1.085436235,0.284069568
TC,-0.026388744,0.135929085,-0.19413611,0.847028011
