"","method","Q_pval","Q"
"1","Inverse variance weighted (multiplicative random effects)",0.0367691882156002,43.9915601388829
"2","MR Egger",0.0328566619225504,43.258066379859
"3","Inverse variance weighted (fixed effects)",0.0367691882156002,43.9915601388829
