"","egger_intercept","pval"
"1",0.00965510961237821,0.496469402521896
